<?xml version="1.0" encoding="UTF-8" standalone="no"?>
<astrosim>
    <scenario>
        <name>Dual Orbits</name>
        <valG>6.67E-11</valG>
        <planets>
            <elem0>
                <path>
                    <position>
                        <x>0.0</x>
                        <y>0.0</y>
                    </position>
                    <velocity>
                        <x>0.0</x>
                        <y>0.0</y>
                    </velocity>
                    <show>false</show>
                </path>
                <static>true</static>
                <mass>1.0E18</mass>
                <name>Planet 1</name>
                <radius>20.0</radius>
                <color>#fe12ae</color>
                <trailColor>#00ff00</trailColor>
            </elem0>
            <elem1>
                <path>
                    <position>
                        <x>700.0</x>
                        <y>0.0</y>
                    </position>
                    <velocity>
                        <x>0.0</x>
                        <y>0.0</y>
                    </velocity>
                    <show>false</show>
                </path>
                <static>true</static>
                <mass>1.0E18</mass>
                <name>Planet 2</name>
                <radius>20.0</radius>
                <color>#7d5361</color>
                <trailColor>#00ff00</trailColor>
            </elem1>
            <elem2>
                <path>
                    <position>
                        <x>-1000.0</x>
                        <y>0.0</y>
                    </position>
                    <velocity>
                        <x>0.0</x>
                        <y>300.0</y>
                    </velocity>
                    <show>true</show>
                </path>
                <static>false</static>
                <mass>1.0E18</mass>
                <name>Planet 3</name>
                <radius>20.0</radius>
                <color>#7ead91</color>
                <trailColor>#4cf57f</trailColor>
            </elem2>
            <elem3>
                <path>
                    <position>
                        <x>1700.0</x>
                        <y>0.0</y>
                    </position>
                    <velocity>
                        <x>0.0</x>
                        <y>-300.0</y>
                    </velocity>
                    <show>true</show>
                </path>
                <static>false</static>
                <mass>1.0E18</mass>
                <name>Planet 4</name>
                <radius>20.0</radius>
                <color>#abcdce</color>
                <trailColor>#19b5a2</trailColor>
            </elem3>
            <size>4</size>
        </planets>
    </scenario>
</astrosim>