<?xml version="1.0" encoding="UTF-8" standalone="no"?>
<astrosim>
    <scenario>
        <name>One Planet</name>
        <valG>6.67E-11</valG>
        <planets>
            <elem0>
                <path>
                    <position>
                        <x>0.0</x>
                        <y>0.0</y>
                    </position>
                    <velocity>
                        <x>0.0</x>
                        <y>0.0</y>
                    </velocity>
                    <show>true</show>
                </path>
                <static>false</static>
                <mass>1.0E18</mass>
                <name>Mars</name>
                <radius>20.0</radius>
                <color>#ff0000</color>
                <trailColor>#00ff00</trailColor>
            </elem0>
            <size>1</size>
        </planets>
    </scenario>
</astrosim>